<?xml version="1.0" encoding="UTF-8"?>
<project-private xmlns="http://www.netbeans.org/ns/project-private/1">
    <editor-bookmarks xmlns="http://www.netbeans.org/ns/editor-bookmarks/2" lastBookmarkId="0"/>
    <open-files xmlns="http://www.netbeans.org/ns/projectui-open-files/2">
        <group>
            <file>file:/C:/xampp/htdocs/upskills/blog-post.html</file>
            <file>file:/C:/xampp/htdocs/upskills/admin/logout.php</file>
            <file>file:/C:/xampp/htdocs/upskills/blog.html</file>
            <file>file:/C:/xampp/htdocs/upskills/includes/admin_header.php</file>
            <file>file:/C:/xampp/htdocs/upskills/blog-post.php</file>
            <file>file:/C:/xampp/htdocs/upskills/admin/login.php</file>
            <file>file:/C:/xampp/htdocs/upskills/index.php</file>
            <file>file:/C:/xampp/htdocs/upskills/course.php</file>
        </group>
    </open-files>
</project-private>
